Source File	Size	loadResources	load	generateSnapshots	load-configure	scan	loadDepInfo	loadInfo	checkR4R4B	generateNarratives	validate	loadLists	checkConformanceResources	checkConformanceResources2	checkConformanceResources3	generateLogicalMaps	validateExpressions	scanForUsageStats	checkURLsUnique	processProvenanceDetails	generate1	generate2	generateLogicals	makeDependencies	generateExampleZip	generateValidationPack	scanProfilesForR5	scanExamplesForR5
/fsh-generated/resources/ImplementationGuide-smart.who.int.trust.json	54229	-	0	0	0	0	0	0	8	175	0	0	0	0	0	0	0	2	0	0	217	469	0	0	0	7	0	2
fsh-generated/resources/ActorDefinition-Holder.json	580	12	0	0	0	0	0	0	0	61	0	0	0	0	0	0	0	0	0	0	21	42	0	0	0	0	0	0
fsh-generated/resources/ActorDefinition-Issuer.json	908	8	0	0	0	0	0	0	0	9	0	0	0	0	0	0	0	0	0	0	20	40	0	0	0	0	0	0
fsh-generated/resources/ActorDefinition-Receiver.json	620	7	0	0	1	0	0	0	0	9	0	0	0	0	0	0	0	0	0	0	18	26	0	0	0	0	0	0
fsh-generated/resources/ActorDefinition-TrustNetworkAnchor.json	503	8	0	0	0	0	0	0	0	7	0	0	0	0	0	0	0	0	0	0	20	37	0	0	0	0	0	0
fsh-generated/resources/ActorDefinition-TrustNetworkParticipant.json	537	8	0	0	0	0	0	0	0	7	0	0	0	0	0	0	0	0	0	0	19	27	0	0	0	0	0	0
fsh-generated/resources/CodeSystem-Actors.json	1041	7	0	0	0	0	0	0	1	15	0	0	1	0	0	0	0	0	0	0	32	7519	0	0	0	1	0	0
fsh-generated/resources/CodeSystem-ConnectionTypes.json	596	8	0	0	0	0	0	0	0	8	0	0	0	0	0	0	0	0	0	0	22	205	0	0	0	0	0	0
fsh-generated/resources/CodeSystem-Domains.json	1377	7	0	0	1	0	0	0	0	8	0	0	0	0	0	0	0	0	0	0	20	194	0	0	0	0	0	0
fsh-generated/resources/CodeSystem-KeyUsage.json	2019	8	0	0	0	0	0	0	0	12	0	0	0	0	0	0	0	0	0	0	27	185	0	0	0	0	0	0
fsh-generated/resources/CodeSystem-Participants.json	586	7	0	0	0	0	0	0	0	8	0	0	0	0	0	0	0	0	0	0	18	198	0	0	0	0	0	0
fsh-generated/resources/CodeSystem-PayloadTypes.json	579	7	0	0	0	0	0	0	0	8	0	0	0	0	0	0	0	0	0	0	18	191	0	0	0	1	0	0
fsh-generated/resources/CodeSystem-RefMartCountryList.json	16801	13	0	0	1	0	0	1	3	32	0	0	0	0	0	0	0	1	0	0	80	374	0	0	0	2	0	0
fsh-generated/resources/CodeSystem-Transactions.json	661	9	0	0	0	0	0	0	0	10	0	0	0	0	0	0	0	0	0	0	19	176	0	0	0	0	0	0
fsh-generated/resources/Endpoint-GDHCNParticipantDID-ALB-All.json	894	10	0	0	1	0	0	0	0	26	0	0	0	0	0	0	0	0	0	0	20	20	0	0	0	0	0	0
fsh-generated/resources/Endpoint-GDHCNParticipantDID-ALB-DSC.json	923	9	0	0	0	0	0	0	0	17	0	0	0	0	0	0	0	0	0	0	19	17	0	0	0	0	0	0
fsh-generated/resources/Endpoint-GDHCNParticipantDID-ALB-SCA.json	923	8	0	0	0	0	0	0	0	18	0	0	0	0	0	0	0	0	0	0	17	18	0	0	0	0	0	0
fsh-generated/resources/Endpoint-GDHCNParticipantDID-AND-All.json	894	8	0	0	0	0	0	0	0	17	0	0	0	0	0	0	0	0	0	0	19	17	0	0	0	0	0	0
fsh-generated/resources/Endpoint-GDHCNParticipantDID-AND-DSC.json	923	8	0	0	0	0	0	0	0	14	0	0	0	0	0	0	0	0	0	0	18	21	0	0	0	0	0	0
fsh-generated/resources/Endpoint-GDHCNParticipantDID-AND-SCA.json	923	9	0	0	0	0	0	0	0	15	0	0	0	0	0	0	0	0	0	0	18	19	0	0	0	0	0	0
fsh-generated/resources/Endpoint-GDHCNParticipantDID-ARM-All.json	894	7	0	0	0	0	0	0	0	15	0	0	0	0	0	0	0	0	0	0	25	18	0	0	0	0	0	1
fsh-generated/resources/Endpoint-GDHCNParticipantDID-ARM-DSC.json	923	7	0	0	0	0	0	0	0	15	0	0	0	0	0	0	0	0	0	0	18	19	0	0	0	0	0	0
fsh-generated/resources/Endpoint-GDHCNParticipantDID-ARM-SCA.json	923	8	0	0	0	0	0	0	0	16	0	0	0	0	0	0	0	0	0	0	18	19	0	0	0	0	0	0
fsh-generated/resources/Endpoint-GDHCNParticipantDID-BEL-All.json	894	7	0	0	0	0	0	0	0	15	0	0	0	0	0	0	0	0	0	0	19	26	0	0	0	0	0	0
fsh-generated/resources/Endpoint-GDHCNParticipantDID-BEL-DSC.json	923	7	0	0	0	0	0	0	0	14	0	0	0	0	0	0	0	0	0	0	19	19	0	0	0	0	0	0
fsh-generated/resources/Endpoint-GDHCNParticipantDID-BEL-SCA.json	923	7	0	0	0	0	0	0	0	15	0	0	0	0	0	0	0	0	0	0	28	18	0	0	0	0	0	0
fsh-generated/resources/Endpoint-GDHCNParticipantDID-BEN-All.json	892	6	0	0	0	0	0	0	1	14	0	0	0	0	0	0	0	0	0	0	19	18	0	0	0	0	0	0
fsh-generated/resources/Endpoint-GDHCNParticipantDID-BEN-DSC.json	921	7	0	0	0	0	0	0	0	13	0	0	0	0	0	0	0	0	0	0	22	18	0	0	0	0	0	0
fsh-generated/resources/Endpoint-GDHCNParticipantDID-BEN-SCA.json	921	7	0	0	0	0	0	0	0	15	0	0	0	0	0	0	0	0	0	0	18	21	0	0	0	0	0	0
fsh-generated/resources/Endpoint-GDHCNParticipantDID-BRA-All.json	893	7	0	0	0	0	0	0	0	13	0	0	0	0	0	0	0	0	0	0	19	20	0	0	0	0	0	0
fsh-generated/resources/Endpoint-GDHCNParticipantDID-BRA-DSC.json	922	8	0	0	0	0	0	0	0	63	0	0	0	0	0	0	0	0	0	0	18	18	0	0	0	0	0	0
fsh-generated/resources/Endpoint-GDHCNParticipantDID-BRA-SCA.json	922	7	0	0	0	0	0	0	0	10	0	0	0	0	0	0	0	0	0	0	19	18	0	0	0	0	0	0
fsh-generated/resources/Endpoint-GDHCNParticipantDID-CYP-All.json	893	7	0	0	0	0	0	0	0	7	0	0	0	0	0	0	0	0	0	0	19	20	0	0	0	0	0	0
fsh-generated/resources/Endpoint-GDHCNParticipantDID-CYP-DSC.json	922	7	0	0	0	0	0	0	0	8	0	0	0	0	0	0	0	0	0	0	18	17	0	0	0	0	0	0
fsh-generated/resources/Endpoint-GDHCNParticipantDID-CYP-SCA.json	922	6	0	0	0	0	0	0	0	5	0	0	0	0	0	0	0	0	0	0	18	17	0	0	0	0	0	0
fsh-generated/resources/Endpoint-GDHCNParticipantDID-CZE-All.json	894	8	0	0	0	0	0	0	0	7	0	0	0	0	0	0	0	0	0	0	17	17	0	0	0	0	0	0
fsh-generated/resources/Endpoint-GDHCNParticipantDID-CZE-DSC.json	923	7	0	0	0	0	0	0	0	6	0	0	0	0	0	0	0	0	0	0	18	18	0	0	0	0	0	0
fsh-generated/resources/Endpoint-GDHCNParticipantDID-CZE-SCA.json	923	8	0	0	0	0	0	0	0	6	0	0	0	0	0	0	0	0	0	0	18	17	0	0	0	0	0	0
fsh-generated/resources/Endpoint-GDHCNParticipantDID-ESP-All.json	892	7	0	0	0	0	0	0	0	10	0	0	0	0	0	0	0	0	0	0	17	18	0	0	0	0	0	0
fsh-generated/resources/Endpoint-GDHCNParticipantDID-ESP-DSC.json	921	8	0	0	1	0	0	0	0	7	0	0	0	0	0	0	0	0	0	0	17	18	0	0	0	0	0	0
fsh-generated/resources/Endpoint-GDHCNParticipantDID-ESP-SCA.json	921	7	0	0	0	0	0	0	0	11	0	0	0	0	0	0	0	0	0	0	21	18	0	0	0	0	0	0
fsh-generated/resources/Endpoint-GDHCNParticipantDID-EST-All.json	894	7	0	0	0	0	0	0	0	8	0	0	0	0	0	0	0	0	0	0	27	17	0	0	0	0	0	0
fsh-generated/resources/Endpoint-GDHCNParticipantDID-EST-DSC.json	923	7	0	0	0	0	0	0	0	8	0	0	0	0	0	0	0	0	0	0	18	18	0	0	0	0	0	0
fsh-generated/resources/Endpoint-GDHCNParticipantDID-EST-SCA.json	923	8	0	0	0	0	0	0	0	11	0	0	0	0	0	0	0	0	0	0	18	19	0	0	0	0	0	0
fsh-generated/resources/Endpoint-GDHCNParticipantDID-FIN-All.json	894	7	0	0	0	0	0	0	0	12	0	0	0	0	0	0	0	0	0	0	17	18	0	0	0	0	0	0
fsh-generated/resources/Endpoint-GDHCNParticipantDID-FIN-DSC.json	923	8	0	0	0	0	0	0	0	13	0	0	0	0	0	0	0	0	0	0	19	18	0	0	0	0	0	0
fsh-generated/resources/Endpoint-GDHCNParticipantDID-FIN-SCA.json	923	7	0	0	0	0	0	0	0	12	0	0	0	0	0	0	0	0	0	0	18	23	0	0	0	0	0	0
fsh-generated/resources/Endpoint-GDHCNParticipantDID-FRA-All.json	893	8	0	0	0	0	0	0	0	9	0	0	0	0	0	0	0	0	0	0	17	18	0	0	0	0	0	0
fsh-generated/resources/Endpoint-GDHCNParticipantDID-FRA-DSC.json	922	7	0	0	0	0	0	0	0	9	0	0	0	0	0	0	0	0	0	0	19	20	0	0	0	0	0	0
fsh-generated/resources/Endpoint-GDHCNParticipantDID-FRA-SCA.json	922	7	0	0	0	0	0	0	0	8	0	0	0	0	0	0	0	0	0	0	19	18	0	0	0	0	0	0
fsh-generated/resources/Endpoint-GDHCNParticipantDID-FRO-All.json	900	8	0	0	0	0	0	0	0	7	0	0	0	0	0	0	0	0	0	0	17	18	0	0	0	0	0	0
fsh-generated/resources/Endpoint-GDHCNParticipantDID-FRO-DSC.json	929	7	0	0	0	0	0	0	1	6	0	0	0	0	0	0	0	0	0	0	19	18	0	0	0	0	0	0
fsh-generated/resources/Endpoint-GDHCNParticipantDID-FRO-SCA.json	929	8	0	0	0	0	0	0	0	6	0	0	0	0	0	0	0	0	0	0	18	23	0	0	0	0	0	0
fsh-generated/resources/Endpoint-GDHCNParticipantDID-IDN-All.json	896	10	0	0	0	0	0	0	0	5	0	0	0	0	0	0	0	0	0	0	18	18	0	0	0	0	0	0
fsh-generated/resources/Endpoint-GDHCNParticipantDID-IDN-DSC.json	925	10	0	0	0	0	0	0	0	6	0	0	0	0	0	0	0	0	0	0	18	18	0	0	0	0	0	0
fsh-generated/resources/Endpoint-GDHCNParticipantDID-IDN-SCA.json	925	7	0	0	0	0	0	0	0	6	0	0	0	0	0	0	0	0	0	0	17	23	0	0	0	0	0	0
fsh-generated/resources/Endpoint-GDHCNParticipantDID-IRL-All.json	894	8	0	0	0	0	0	0	0	5	0	0	0	0	0	0	0	0	0	0	21	19	0	0	0	0	0	0
fsh-generated/resources/Endpoint-GDHCNParticipantDID-IRL-DSC.json	923	7	0	0	0	0	0	0	0	5	0	0	0	0	0	0	0	0	0	0	18	17	0	0	0	0	0	0
fsh-generated/resources/Endpoint-GDHCNParticipantDID-IRL-SCA.json	923	7	0	0	0	0	0	0	0	6	0	0	0	0	0	0	0	0	0	0	19	17	0	0	0	0	0	0
fsh-generated/resources/Endpoint-GDHCNParticipantDID-ISL-All.json	894	7	0	0	0	0	0	0	0	6	0	0	0	0	0	0	0	0	0	0	18	17	0	0	0	0	0	0
fsh-generated/resources/Endpoint-GDHCNParticipantDID-ISL-DSC.json	923	7	0	0	0	0	0	0	0	6	0	0	0	0	0	0	0	0	0	0	18	16	0	0	0	0	0	0
fsh-generated/resources/Endpoint-GDHCNParticipantDID-ISL-SCA.json	923	8	0	0	0	0	0	0	0	5	0	0	0	0	0	0	0	0	0	0	19	17	0	0	0	0	0	0
fsh-generated/resources/Endpoint-GDHCNParticipantDID-LTU-All.json	896	10	0	0	0	0	0	0	0	6	0	0	0	0	0	0	0	0	0	0	18	17	0	0	0	0	0	0
fsh-generated/resources/Endpoint-GDHCNParticipantDID-LTU-DSC.json	925	10	0	0	0	0	0	0	0	7	0	0	0	0	0	0	0	0	0	0	19	16	0	0	0	0	0	0
fsh-generated/resources/Endpoint-GDHCNParticipantDID-LTU-SCA.json	925	8	0	0	0	0	0	0	0	8	0	0	0	0	0	0	0	0	0	0	18	17	0	0	0	0	0	0
fsh-generated/resources/Endpoint-GDHCNParticipantDID-LVA-All.json	893	7	0	0	0	0	0	0	0	7	0	0	0	0	0	0	0	0	0	0	19	17	0	0	0	0	0	0
fsh-generated/resources/Endpoint-GDHCNParticipantDID-LVA-DSC.json	922	8	0	0	0	0	0	0	0	8	0	0	0	0	0	0	0	0	0	0	17	16	0	0	0	0	0	0
fsh-generated/resources/Endpoint-GDHCNParticipantDID-LVA-SCA.json	922	7	0	0	0	0	0	0	0	5	0	0	0	0	0	0	0	0	0	0	20	17	0	0	0	0	0	0
fsh-generated/resources/Endpoint-GDHCNParticipantDID-MCO-All.json	893	7	0	0	0	0	0	0	0	5	0	0	0	0	0	0	0	0	0	0	18	17	0	0	0	0	0	0
fsh-generated/resources/Endpoint-GDHCNParticipantDID-MCO-DSC.json	922	8	0	0	0	0	0	0	0	6	0	0	0	0	0	0	0	0	0	0	18	16	0	0	0	0	0	0
fsh-generated/resources/Endpoint-GDHCNParticipantDID-MCO-SCA.json	922	7	0	0	0	0	0	0	0	6	0	0	0	0	0	0	0	0	0	0	19	17	0	0	0	0	0	0
fsh-generated/resources/Endpoint-GDHCNParticipantDID-MLT-All.json	892	7	0	0	0	0	0	0	0	6	0	0	0	0	0	0	0	0	0	0	18	18	0	0	0	0	0	0
fsh-generated/resources/Endpoint-GDHCNParticipantDID-MLT-DSC.json	921	7	0	0	0	0	0	0	0	6	0	0	0	0	0	0	0	0	0	0	18	17	0	0	0	0	0	0
fsh-generated/resources/Endpoint-GDHCNParticipantDID-MLT-SCA.json	921	7	0	0	0	0	0	0	1	4	0	0	0	0	0	0	0	0	0	0	18	17	0	0	0	0	0	0
fsh-generated/resources/Endpoint-GDHCNParticipantDID-MYS-All.json	895	8	0	0	1	0	0	0	0	5	1	0	0	0	0	0	0	0	0	0	19	16	0	0	0	0	0	0
fsh-generated/resources/Endpoint-GDHCNParticipantDID-MYS-DSC.json	924	7	0	0	0	0	0	0	0	6	0	0	0	0	0	0	0	0	0	0	18	18	0	0	0	0	0	0
fsh-generated/resources/Endpoint-GDHCNParticipantDID-MYS-SCA.json	924	7	0	0	0	0	0	0	0	5	0	0	0	0	0	0	0	0	0	0	19	18	0	0	0	0	0	0
fsh-generated/resources/Endpoint-GDHCNParticipantDID-NLD-All.json	915	8	0	0	0	0	0	0	0	6	0	0	0	0	0	0	0	0	0	0	18	18	0	0	0	0	0	0
fsh-generated/resources/Endpoint-GDHCNParticipantDID-NLD-DSC.json	944	8	0	0	0	0	0	0	0	5	0	0	0	0	0	0	0	0	0	0	17	17	0	0	0	0	0	0
fsh-generated/resources/Endpoint-GDHCNParticipantDID-NLD-SCA.json	944	8	0	0	0	0	0	0	0	6	0	0	0	0	0	0	0	0	0	0	18	18	0	0	1	0	0	0
fsh-generated/resources/Endpoint-GDHCNParticipantDID-NZL-All.json	898	7	0	0	0	0	0	0	0	6	0	0	0	0	0	0	0	0	0	0	18	17	0	0	0	0	0	0
fsh-generated/resources/Endpoint-GDHCNParticipantDID-NZL-DSC.json	927	8	0	0	0	0	0	0	0	8	0	0	0	0	0	0	0	0	0	0	18	18	0	0	0	0	0	0
fsh-generated/resources/Endpoint-GDHCNParticipantDID-NZL-SCA.json	927	7	0	0	0	0	0	0	0	11	0	0	0	0	0	0	0	0	0	0	18	18	0	0	0	0	0	0
fsh-generated/resources/Endpoint-GDHCNParticipantDID-OMN-All.json	891	8	0	0	0	0	0	0	0	6	0	0	0	0	0	0	0	0	0	0	18	18	0	0	0	0	0	0
fsh-generated/resources/Endpoint-GDHCNParticipantDID-OMN-DSC.json	920	10	0	0	0	0	1	0	0	7	0	0	0	0	0	0	0	0	0	0	17	19	0	0	0	0	0	0
fsh-generated/resources/Endpoint-GDHCNParticipantDID-OMN-SCA.json	920	8	0	0	0	0	0	0	0	7	0	0	0	0	0	0	0	0	0	0	18	19	0	0	0	0	0	0
fsh-generated/resources/Endpoint-GDHCNParticipantDID-POL-All.json	893	7	0	0	0	0	0	0	0	6	0	0	0	0	0	0	0	0	0	0	18	18	0	0	0	0	0	0
fsh-generated/resources/Endpoint-GDHCNParticipantDID-POL-DSC.json	922	7	0	0	0	0	0	0	0	7	0	0	0	0	0	0	0	0	0	0	18	20	0	0	0	0	0	0
fsh-generated/resources/Endpoint-GDHCNParticipantDID-POL-SCA.json	922	8	0	0	0	0	0	0	0	6	0	0	0	0	0	0	0	0	0	0	18	19	0	0	0	0	0	0
fsh-generated/resources/Endpoint-GDHCNParticipantDID-PRT-All.json	895	7	0	0	0	0	0	0	0	6	0	0	0	0	0	0	0	0	0	0	18	19	0	0	0	0	0	0
fsh-generated/resources/Endpoint-GDHCNParticipantDID-PRT-DSC.json	924	7	0	0	0	0	0	0	0	6	0	0	0	0	0	0	0	0	0	0	20	19	0	0	0	0	0	0
fsh-generated/resources/Endpoint-GDHCNParticipantDID-PRT-SCA.json	924	7	0	0	0	0	0	0	0	7	0	0	0	0	0	0	0	0	0	0	18	18	0	0	0	0	0	0
fsh-generated/resources/Endpoint-GDHCNParticipantDID-SGP-All.json	896	7	0	0	0	0	0	0	0	7	0	0	0	0	0	0	0	0	0	0	19	17	0	0	0	0	0	0
fsh-generated/resources/Endpoint-GDHCNParticipantDID-SGP-DSC.json	925	7	0	0	0	0	0	0	0	6	0	0	0	0	0	0	0	0	0	0	17	17	0	0	0	0	0	0
fsh-generated/resources/Endpoint-GDHCNParticipantDID-SGP-SCA.json	925	8	0	0	0	0	0	0	0	5	0	0	0	0	0	0	0	0	0	0	19	18	0	0	0	0	0	0
fsh-generated/resources/Endpoint-GDHCNParticipantDID-SMR-All.json	897	7	0	0	0	0	0	0	0	6	0	0	0	0	0	0	0	0	0	0	20	18	0	0	0	0	0	0
fsh-generated/resources/Endpoint-GDHCNParticipantDID-SMR-DSC.json	926	7	0	0	0	0	0	0	0	8	0	0	0	0	0	0	0	0	0	0	19	18	0	0	0	0	0	0
fsh-generated/resources/Endpoint-GDHCNParticipantDID-SMR-SCA.json	926	7	0	0	0	0	0	0	0	8	0	0	0	0	0	0	0	0	0	0	18	17	0	0	0	0	0	0
fsh-generated/resources/Endpoint-GDHCNParticipantDID-SVK-All.json	895	7	0	0	0	0	0	0	1	7	0	0	0	0	0	0	0	0	0	0	18	17	0	0	0	0	0	0
fsh-generated/resources/Endpoint-GDHCNParticipantDID-SVK-DSC.json	924	8	0	0	0	0	0	0	0	6	0	0	0	0	0	0	0	0	0	0	18	18	0	0	0	0	0	0
fsh-generated/resources/Endpoint-GDHCNParticipantDID-SVK-SCA.json	924	7	0	0	0	0	0	0	0	7	0	0	0	0	0	0	0	0	0	0	19	18	0	0	0	0	0	0
fsh-generated/resources/Endpoint-GDHCNParticipantDID-SVN-All.json	895	7	0	0	0	0	0	0	0	6	0	0	0	0	0	0	0	0	0	0	19	17	0	0	0	0	0	0
fsh-generated/resources/Endpoint-GDHCNParticipantDID-SVN-DSC.json	924	8	0	0	0	0	0	0	0	6	0	0	0	0	0	0	0	0	0	0	18	17	0	0	0	0	0	0
fsh-generated/resources/Endpoint-GDHCNParticipantDID-SVN-SCA.json	924	7	0	0	0	0	0	0	0	6	0	0	0	0	0	0	0	0	0	0	18	18	0	0	0	0	0	0
fsh-generated/resources/Endpoint-GDHCNParticipantDID-SWE-All.json	893	8	0	0	0	0	0	0	0	7	0	0	0	0	0	0	0	0	0	0	18	18	0	0	0	0	0	0
fsh-generated/resources/Endpoint-GDHCNParticipantDID-SWE-DSC.json	922	7	0	0	0	0	0	0	0	7	0	0	0	0	0	0	0	0	0	0	17	17	0	0	0	0	0	0
fsh-generated/resources/Endpoint-GDHCNParticipantDID-SWE-SCA.json	922	7	0	0	0	0	0	0	0	7	0	0	0	0	0	0	0	0	0	0	19	16	0	0	0	0	0	0
fsh-generated/resources/Endpoint-GDHCNParticipantDID-TGO-All.json	891	7	0	0	0	0	0	0	0	8	0	0	0	0	0	0	0	0	0	0	18	17	0	0	0	0	0	0
fsh-generated/resources/Endpoint-GDHCNParticipantDID-TGO-DSC.json	920	8	0	0	0	0	0	0	0	9	0	0	0	0	0	0	0	0	0	0	18	17	0	0	0	0	0	0
fsh-generated/resources/Endpoint-GDHCNParticipantDID-TGO-SCA.json	920	7	0	0	0	0	0	0	0	7	0	0	0	0	0	0	0	0	0	0	19	18	0	0	0	0	0	0
fsh-generated/resources/Endpoint-GDHCNParticipantDID-THA-All.json	895	7	0	0	0	0	0	0	0	7	0	0	0	0	0	0	0	0	0	0	18	17	0	0	0	0	0	0
fsh-generated/resources/Endpoint-GDHCNParticipantDID-THA-DSC.json	924	7	0	0	1	0	0	0	0	7	0	0	0	0	0	0	0	0	0	0	24	18	0	0	0	0	0	0
fsh-generated/resources/Endpoint-GDHCNParticipantDID-THA-SCA.json	924	8	0	0	0	0	0	0	0	7	0	0	0	0	0	0	0	0	0	0	19	19	0	0	0	0	0	0
fsh-generated/resources/Endpoint-GDHCNParticipantDID-TUR-All.json	895	7	0	0	0	0	0	0	0	7	0	0	0	0	0	0	0	0	0	0	23	19	0	0	0	0	0	0
fsh-generated/resources/Endpoint-GDHCNParticipantDID-TUR-DSC.json	924	7	0	0	0	0	0	0	0	7	0	0	0	0	0	0	0	0	0	0	18	17	0	0	0	0	0	0
fsh-generated/resources/Endpoint-GDHCNParticipantDID-TUR-SCA.json	924	7	0	0	0	0	0	0	0	8	0	0	0	0	0	0	0	0	0	0	18	18	0	0	0	0	0	0
fsh-generated/resources/Endpoint-GDHCNParticipantDID-UKR-All.json	894	8	0	0	0	0	0	0	0	7	0	0	0	0	0	0	0	0	0	0	18	17	0	0	0	0	0	0
fsh-generated/resources/Endpoint-GDHCNParticipantDID-UKR-DSC.json	923	7	0	0	0	0	0	0	0	7	0	0	0	0	0	0	0	0	0	0	18	18	0	0	0	0	0	0
fsh-generated/resources/Endpoint-GDHCNParticipantDID-UKR-SCA.json	923	7	0	0	0	0	0	0	0	7	0	0	0	0	0	0	0	0	0	0	19	17	0	0	0	0	0	0
fsh-generated/resources/Endpoint-GDHCNParticipantDID-WHO-DEV.json	789	7	0	0	0	0	0	0	0	8	0	0	0	0	0	0	0	0	0	0	18	16	0	0	0	0	0	0
fsh-generated/resources/Endpoint-GDHCNParticipantDID-WHO-UAT.json	789	8	0	0	0	0	0	0	0	7	0	0	0	0	0	0	0	0	0	0	20	17	0	0	0	0	0	0
fsh-generated/resources/Endpoint-GDHCNParticipantDID-WHO.json	775	7	0	0	0	0	0	0	0	8	0	0	0	0	0	0	0	0	0	0	18	17	0	0	0	0	0	0
fsh-generated/resources/Organization-GDHCNParticipant-ALB.json	626	8	0	0	0	0	0	0	1	48	0	0	0	0	0	0	0	0	0	0	20	32	0	0	0	0	0	0
fsh-generated/resources/Organization-GDHCNParticipant-AND.json	626	8	0	0	0	0	0	0	0	1	0	0	0	0	0	0	0	0	0	0	21	22	0	0	0	0	0	0
fsh-generated/resources/Organization-GDHCNParticipant-ARM.json	626	7	0	0	0	0	0	0	0	1	0	0	0	0	0	0	0	0	0	0	20	18	0	0	0	0	0	0
fsh-generated/resources/Organization-GDHCNParticipant-BEL.json	626	7	0	0	0	0	0	0	0	1	0	0	0	0	0	0	0	0	0	0	19	19	0	0	0	0	0	0
fsh-generated/resources/Organization-GDHCNParticipant-BEN.json	624	7	0	0	0	0	0	0	0	1	0	0	0	0	0	0	0	0	0	0	18	18	0	0	0	0	0	0
fsh-generated/resources/Organization-GDHCNParticipant-BRA.json	625	6	0	0	0	0	0	0	0	2	0	0	0	0	0	0	0	0	0	0	18	19	0	0	0	0	0	0
fsh-generated/resources/Organization-GDHCNParticipant-CYP.json	625	8	0	0	0	0	0	0	0	1	0	0	0	0	0	0	0	0	0	0	18	20	0	0	0	0	0	0
fsh-generated/resources/Organization-GDHCNParticipant-CZE.json	626	7	0	0	0	0	0	0	0	1	0	0	0	0	0	0	0	0	0	0	18	19	0	0	0	0	0	0
fsh-generated/resources/Organization-GDHCNParticipant-ESP.json	624	7	0	0	0	0	0	0	0	1	0	0	0	0	0	0	0	1	0	0	27	20	0	0	0	0	0	0
fsh-generated/resources/Organization-GDHCNParticipant-EST.json	626	7	0	0	0	0	0	0	0	1	0	0	0	0	0	0	0	0	0	0	19	19	0	0	0	0	0	0
fsh-generated/resources/Organization-GDHCNParticipant-FIN.json	626	7	0	0	0	0	0	0	0	1	0	0	0	0	0	0	0	0	0	0	18	19	0	0	0	0	0	0
fsh-generated/resources/Organization-GDHCNParticipant-FRA.json	625	7	0	0	0	0	0	0	0	1	0	0	0	0	0	0	0	0	0	0	18	24	0	0	0	0	0	0
fsh-generated/resources/Organization-GDHCNParticipant-FRO.json	632	8	0	0	0	0	0	0	0	1	0	0	0	0	0	0	0	0	0	0	19	20	0	0	0	0	0	0
fsh-generated/resources/Organization-GDHCNParticipant-IDN.json	628	8	0	0	0	0	0	0	0	1	0	0	0	0	0	0	0	0	0	0	18	19	0	0	0	0	0	0
fsh-generated/resources/Organization-GDHCNParticipant-IRL.json	626	7	0	0	0	0	0	0	0	1	0	0	0	0	0	0	0	0	0	0	18	19	0	0	0	0	0	0
fsh-generated/resources/Organization-GDHCNParticipant-ISL.json	626	8	0	0	0	0	0	0	0	1	0	0	0	0	0	0	0	0	0	0	18	19	0	0	0	0	0	0
fsh-generated/resources/Organization-GDHCNParticipant-LTU.json	628	7	0	0	0	0	0	0	0	1	0	0	0	0	0	0	0	0	0	0	19	18	0	0	0	0	0	0
fsh-generated/resources/Organization-GDHCNParticipant-LVA.json	625	8	0	0	0	0	0	0	0	0	0	0	0	0	0	0	0	0	0	0	21	18	0	0	0	0	0	0
fsh-generated/resources/Organization-GDHCNParticipant-MCO.json	625	7	0	0	0	0	0	0	0	1	0	0	0	0	0	0	0	0	0	0	18	19	0	0	0	0	0	0
fsh-generated/resources/Organization-GDHCNParticipant-MLT.json	624	7	0	0	0	0	0	0	1	3	0	0	0	0	0	0	0	0	0	0	19	18	0	0	0	0	0	0
fsh-generated/resources/Organization-GDHCNParticipant-MYS.json	627	8	0	0	0	0	0	0	0	2	0	0	0	0	0	0	0	0	0	0	18	20	0	0	0	0	0	0
fsh-generated/resources/Organization-GDHCNParticipant-NLD.json	647	7	0	0	0	0	0	0	0	1	0	0	0	0	0	0	0	0	0	0	18	19	0	0	0	0	0	0
fsh-generated/resources/Organization-GDHCNParticipant-NZL.json	630	7	0	0	0	0	0	0	0	1	0	0	0	0	0	0	0	0	0	0	18	18	0	0	0	0	0	0
fsh-generated/resources/Organization-GDHCNParticipant-OMN.json	623	8	0	0	0	0	0	0	0	1	0	0	0	0	0	0	0	0	0	0	19	18	0	0	0	0	0	0
fsh-generated/resources/Organization-GDHCNParticipant-POL.json	625	7	0	0	0	0	0	0	0	1	0	0	0	0	0	0	0	0	0	0	18	18	0	0	0	0	0	0
fsh-generated/resources/Organization-GDHCNParticipant-PRT.json	627	7	0	0	0	0	0	0	0	2	0	0	0	0	0	0	0	0	0	0	18	18	0	0	0	0	0	0
fsh-generated/resources/Organization-GDHCNParticipant-SGP.json	628	8	0	0	0	0	0	0	0	1	0	0	0	0	0	0	0	0	0	0	18	18	0	0	0	0	0	0
fsh-generated/resources/Organization-GDHCNParticipant-SMR.json	629	8	0	0	0	0	0	0	0	1	0	0	0	0	0	0	0	0	0	0	19	20	0	0	0	0	0	0
fsh-generated/resources/Organization-GDHCNParticipant-SVK.json	627	7	0	0	1	0	0	0	0	2	0	0	0	0	0	0	0	0	0	0	18	21	0	0	0	0	0	0
fsh-generated/resources/Organization-GDHCNParticipant-SVN.json	627	7	0	0	0	0	0	0	0	1	0	0	0	0	0	0	0	0	0	0	20	21	0	0	0	0	0	0
fsh-generated/resources/Organization-GDHCNParticipant-SWE.json	625	7	0	0	0	0	0	0	0	2	0	0	0	0	0	0	0	0	0	0	18	18	0	0	0	0	0	0
fsh-generated/resources/Organization-GDHCNParticipant-TGO.json	623	8	0	0	0	0	0	0	0	1	0	0	0	0	0	0	0	0	0	0	19	20	0	0	0	0	0	0
fsh-generated/resources/Organization-GDHCNParticipant-THA.json	627	7	0	0	0	0	0	0	0	1	0	0	0	0	0	0	0	0	0	0	18	18	0	0	0	0	0	0
fsh-generated/resources/Organization-GDHCNParticipant-TUR.json	627	7	0	0	0	0	0	0	0	1	0	0	0	0	0	0	0	0	0	0	18	19	0	0	0	0	0	0
fsh-generated/resources/Organization-GDHCNParticipant-UKR.json	626	7	0	0	0	0	0	0	0	2	0	0	0	0	0	0	0	0	0	0	20	19	0	0	0	0	0	0
fsh-generated/resources/Organization-GDHCNParticipant-WHO.json	389	7	0	0	0	0	0	0	0	1	0	0	0	0	0	0	0	0	0	0	18	14	0	0	0	0	0	0
fsh-generated/resources/Requirements-DistributeBusinessRules.json	592	7	0	0	0	0	0	0	1	13	0	0	0	0	0	0	0	0	0	0	19	23	0	0	0	0	0	0
fsh-generated/resources/Requirements-DistributeBusinessRulesCertLogic.json	840	8	0	0	0	0	0	0	0	12	0	0	0	0	0	0	0	0	0	0	18	27	0	0	0	0	0	0
fsh-generated/resources/Requirements-DistributeBusinessRulesFHIR.json	837	8	0	0	0	0	0	0	0	9	0	0	0	0	0	0	0	0	0	0	20	26	0	0	0	1	0	0
fsh-generated/resources/Requirements-DistributePKIMaterial.json	600	7	0	0	1	0	0	0	0	8	0	0	0	0	0	0	0	0	0	0	19	22	0	0	0	0	0	0
fsh-generated/resources/Requirements-DistributePKIMaterialAPI.json	828	8	0	0	0	0	0	0	0	7	0	0	0	0	0	0	0	0	0	0	18	27	0	0	0	0	0	0
fsh-generated/resources/Requirements-DistributePKIMaterialDID.json	825	7	0	0	0	0	0	0	0	7	0	0	0	0	0	0	0	0	0	0	17	27	0	0	0	0	0	1
fsh-generated/resources/Requirements-IssuerVDHC.json	977	8	0	0	0	0	0	0	0	12	0	0	0	0	0	0	0	0	0	0	20	22	0	0	0	0	0	0
fsh-generated/resources/Requirements-ProvideVDHC.json	543	7	0	0	0	0	0	0	0	8	0	0	0	0	0	0	0	0	0	0	23	23	0	0	0	0	0	0
fsh-generated/resources/Requirements-PublishBusinessRules.json	518	7	0	0	0	0	0	0	0	7	0	0	0	0	0	0	0	0	0	0	17	23	0	0	0	0	0	0
fsh-generated/resources/Requirements-PublishBusinessRulesCertLogic.json	774	7	0	0	1	0	0	0	0	8	0	0	0	0	0	0	0	0	0	0	18	27	0	0	0	1	0	0
fsh-generated/resources/Requirements-PublishBusinessRulesFHIR.json	761	7	0	0	0	0	0	0	1	7	0	0	0	0	0	0	0	0	0	0	18	27	0	0	0	0	0	0
fsh-generated/resources/Requirements-PublishPKIMaterial.json	535	8	0	0	0	0	0	0	0	8	0	0	0	0	0	0	0	0	0	0	29	22	0	0	0	0	0	0
fsh-generated/resources/Requirements-PublishPKIMaterialAPI.json	760	7	0	0	0	0	0	0	0	7	0	0	0	0	0	0	0	0	0	0	29	26	0	0	0	0	0	0
fsh-generated/resources/Requirements-PublishPKIMaterialDID.json	757	7	0	0	0	0	0	0	0	8	0	0	0	0	0	0	0	0	0	0	20	26	0	0	0	0	0	0
fsh-generated/resources/Requirements-ReceiveBusinessRules.json	597	8	0	0	0	0	0	0	0	7	0	0	0	0	0	0	0	0	0	0	18	22	0	0	0	0	0	0
fsh-generated/resources/Requirements-ReceiveBusinessRulesCertLogic.json	842	7	0	0	1	0	0	0	0	8	0	0	0	0	0	0	0	0	0	0	18	27	0	0	0	0	0	0
fsh-generated/resources/Requirements-ReceiveBusinessRulesFHIR.json	840	8	0	0	0	0	0	0	0	8	0	0	0	0	0	0	0	0	0	0	18	26	0	0	0	0	0	0
fsh-generated/resources/Requirements-ReceivePKUMaterial.json	588	7	0	0	0	0	0	0	0	7	0	0	0	0	0	0	0	0	0	0	19	24	0	0	0	0	0	0
fsh-generated/resources/Requirements-ReceivePKUMaterialAPI.json	813	7	0	0	0	0	0	0	0	8	0	0	0	0	0	0	0	0	0	0	19	27	0	0	0	1	0	0
fsh-generated/resources/Requirements-ReceivePKUMaterialDID.json	810	7	0	0	0	0	0	0	0	8	0	0	0	0	0	0	0	0	0	0	20	27	0	0	0	0	0	0
fsh-generated/resources/Requirements-ReceiveVDHC.json	544	7	0	0	0	0	0	0	0	8	0	0	0	0	0	0	0	0	0	0	18	23	0	0	0	0	0	0
fsh-generated/resources/Requirements-RequestVDHC.json	544	7	0	0	0	0	0	0	1	7	0	0	0	0	0	0	0	0	0	0	18	22	0	0	0	0	0	0
fsh-generated/resources/Requirements-RetrieveBusinessRules.json	746	7	0	0	0	0	0	0	0	7	0	0	0	0	0	0	0	0	0	0	18	26	0	0	0	0	0	0
fsh-generated/resources/Requirements-RetrieveBusinessRulesCertLogic.json	802	7	0	0	1	0	0	0	0	10	0	0	0	0	0	0	0	0	0	0	19	27	0	0	0	0	0	0
fsh-generated/resources/Requirements-RetrieveBusinessRulesFHIR.json	798	7	0	0	0	0	0	0	0	7	0	0	0	0	0	0	0	0	0	0	19	27	0	0	0	0	0	0
fsh-generated/resources/Requirements-RetrievePKIMaterial.json	615	8	0	0	0	0	0	0	0	10	0	0	0	0	0	0	0	0	0	0	19	24	0	0	0	0	0	0
fsh-generated/resources/Requirements-RetrievePKIMaterialAPI.json	841	7	0	0	0	0	0	0	0	12	0	0	0	0	0	0	0	0	0	0	19	28	0	0	0	1	0	0
fsh-generated/resources/Requirements-RetrievePKIMaterialDID.json	838	8	0	0	0	0	0	0	0	13	0	0	0	0	0	0	0	0	0	0	25	29	0	0	0	0	0	0
fsh-generated/resources/Requirements-UtilizeVDHC.json	2230	7	0	0	0	0	0	0	0	11	0	0	0	0	0	0	0	0	0	0	34	25	0	0	0	0	0	0
fsh-generated/resources/StructureDefinition-COSEHeader.json	1440	9	0	7	0	0	0	0	0	32	0	0	1	0	0	0	0	0	0	0	46	573	0	0	0	0	0	0
fsh-generated/resources/StructureDefinition-CWT.json	1726	8	0	32	1	0	0	0	0	14	0	0	0	0	0	0	0	0	0	0	35	184	0	0	0	1	0	0
fsh-generated/resources/StructureDefinition-CWTPayload.json	2091	8	0	48	0	0	0	0	0	12	0	0	0	0	0	0	0	0	0	0	36	168	0	0	0	1	0	0
fsh-generated/resources/StructureDefinition-HCert.json	2592	13	0	58	0	0	0	0	0	12	0	0	0	0	0	0	0	0	0	0	42	204	0	0	0	0	0	0
fsh-generated/resources/StructureDefinition-SchemeInformation.json	7680	11	0	63	0	0	0	0	0	28	0	0	0	0	0	0	0	1	0	0	99	360	0	0	0	3	0	0
fsh-generated/resources/ValueSet-Actors.json	405	7	0	0	0	0	0	0	1	155	0	0	0	0	0	0	0	0	0	0	25	548	0	0	0	0	0	0
fsh-generated/resources/ValueSet-ConnectionTypes.json	442	8	0	0	0	0	0	0	0	7	0	0	0	0	0	0	0	0	0	0	28	407	0	0	0	0	0	0
fsh-generated/resources/ValueSet-Domains.json	394	8	0	0	0	0	0	0	0	7	0	0	0	0	0	0	0	0	0	0	22	404	0	0	0	0	0	0
fsh-generated/resources/ValueSet-KeyUsage.json	814	7	0	0	0	0	0	0	0	24	0	0	0	0	0	0	0	0	0	0	18	305	0	0	0	0	0	0
fsh-generated/resources/ValueSet-Participants.json	2340	8	0	0	1	0	0	0	1	791	0	0	0	0	0	0	0	0	0	0	21	1098	0	0	0	0	0	0
fsh-generated/resources/ValueSet-PayloadTypes.json	424	8	0	0	0	0	0	0	0	7	0	0	0	0	0	0	0	0	0	0	19	274	0	0	0	0	0	0
fsh-generated/resources/ValueSet-Transactions.json	422	7	0	0	0	0	0	0	0	7	0	0	0	0	0	0	0	0	0	0	18	266	0	0	0	1	0	0
